dates,price,today,yesterday,volume.yesterday,hvt30d
2017-01-03,28.99,1.19,0,31841,9.5
2017-01-04,29.276,0.99,1.19,140484,9.9
2017-01-05,29.26,-0.05,0.99,222832,9.9
2017-01-06,29.35,0.31,-0.05,52897,9.9
2017-01-09,29.43,0.27,0.31,49349,9.8
2017-01-10,29.3654,-0.22,0.27,67568,9.9
2017-01-11,29.55,0.63,-0.22,55713,10
2017-01-12,29.53,-0.07,0.63,135014,9.9
2017-01-13,29.71,0.61,-0.07,119953,9.7
2017-01-17,29.42,-0.98,0.61,176810,10.3
2017-01-18,29.52,0.34,-0.98,161305,10.1
2017-01-19,29.59,0.24,0.34,138388,9.9
2017-01-20,29.88,0.98,0.24,127627,9.9
2017-01-23,29.735,-0.49,0.98,164564,9.7
2017-01-24,30.09,1.19,-0.49,95402,10.3
2017-01-25,30.73,2.13,1.19,130418,11.5
2017-01-26,30.53,-0.65,2.13,193791,11.7
2017-01-27,30.5,-0.1,-0.65,259329,10.9
2017-01-30,30.33,-0.56,-0.1,66135,11.1
2017-01-31,30.48,0.49,-0.56,70423,10.5
2017-02-01,30.79,1.02,0.49,93383,10.8
2017-02-02,30.74,-0.16,1.02,122856,10.8
2017-02-03,30.97,0.75,-0.16,112571,10.9
2017-02-06,30.76,-0.68,0.75,144109,11.2
2017-02-07,30.718,-0.14,-0.68,190576,11.2
2017-02-08,30.8,0.27,-0.14,274462,11.2
2017-02-09,30.95,0.49,0.27,113972,10.9
2017-02-10,31.09,0.45,0.49,151012,10.9
2017-02-13,31.27,0.58,0.45,151080,10.9
2017-02-14,31.41,0.45,0.58,174784,10.6
2017-02-15,31.5,0.29,0.45,647190,10.3
2017-02-16,31.46,-0.13,0.29,128413,10.4
2017-02-17,31.6,0.45,-0.13,171045,10.4
2017-02-21,31.89,0.92,0.45,122432,10.6
2017-02-22,31.84,-0.16,0.92,379307,10.5
2017-02-23,31.75,-0.28,-0.16,232674,10.6
2017-02-24,31.54,-0.66,-0.28,192197,10.9
2017-02-27,31.6,0.19,-0.66,218588,10.9
2017-02-28,31.37,-0.73,0.19,140266,10.6
2017-03-01,31.95,1.85,-0.73,157966,11.7
2017-03-02,31.67,-0.88,1.85,189363,12.2
2017-03-03,31.7,0.09,-0.88,96105,11.9
2017-03-06,31.54,-0.5,0.09,155308,12
2017-03-07,31.48,-0.19,-0.5,642985,11.6
2017-03-08,31.54,0.19,-0.19,328253,9.9
2017-03-09,31.42,-0.38,0.19,347975,9.8
2017-03-10,31.7,0.89,-0.38,201076,10
2017-03-13,31.86,0.5,0.89,228654,9.8
2017-03-14,31.61,-0.78,0.5,268288,10.2
2017-03-15,32.01,1.27,-0.78,574539,10.4
2017-03-16,32.03,0.06,1.27,249593,10.4
2017-03-17,32.23,0.62,0.06,321217,10.3
2017-03-20,32.23,0,0.62,213346,10
2017-03-21,31.77,-1.43,0,357798,11.1
2017-03-22,31.73,-0.13,-1.43,351933,11.1
2017-03-23,31.86,0.41,-0.13,338438,11.1
2017-03-24,31.9,0.13,0.41,158895,11
2017-03-27,31.93,0.09,0.13,227563,10.9
2017-03-28,32.13,0.63,0.09,113539,11
2017-03-29,32.18,0.16,0.63,248817,11
2017-03-30,32.27,0.28,0.16,312903,11
2017-03-31,32.2,-0.22,0.28,164224,10.9
2017-04-03,32.1,-0.31,-0.22,170956,10.7
2017-04-04,31.91,-0.59,-0.31,156910,10.8
2017-04-05,31.76,-0.47,-0.59,143083,10.9
2017-04-06,31.9,0.44,-0.47,228713,10.8
2017-04-07,31.91,0.03,0.44,226814,10.7
2017-04-10,31.92,0.03,0.03,118513,10.5
2017-04-11,31.86,-0.19,0.03,202252,8.9
2017-04-12,31.57,-0.91,-0.19,135348,9
2017-04-13,31.25,-1.01,-0.91,113257,9.5
2017-04-17,31.46,0.67,-1.01,228141,9.6
2017-04-18,31.51,0.16,0.67,95846,9.6
2017-04-19,31.6981,0.6,0.16,101466,9.7
2017-04-20,32.06,1.14,0.6,130006,10.2
2017-04-21,31.98,-0.25,1.14,230011,9.9
2017-04-24,32.48,1.56,-0.25,157655,10.8
2017-04-25,32.88,1.23,1.56,227611,11
2017-04-26,33.09,0.64,1.23,259321,10.6
2017-04-27,33.19,0.3,0.64,324477,10.6
2017-04-28,33.13,-0.18,0.3,189324,10.5
2017-05-01,33.35,0.66,-0.18,306343,10.7
2017-05-02,33.41,0.18,0.66,209239,9.5
2017-05-03,33.35,-0.18,0.18,314861,9.5
2017-05-04,33.39,0.12,-0.18,131637,9.5
2017-05-05,33.61,0.66,0.12,163659,9.6
2017-05-08,33.65,0.12,0.66,209365,9.6
2017-05-09,33.7196,0.21,0.12,223903,9.5
2017-05-10,33.9295,0.62,0.21,305968,9.6
2017-05-11,33.95,0.06,0.62,168589,9.6
2017-05-12,34.02,0.21,0.06,281831,9.5
2017-05-15,34.33,0.91,0.21,242541,9.6
2017-05-16,34.49,0.47,0.91,346865,9.3
2017-05-17,33.85,-1.86,0.47,474255,11.1
2017-05-18,33.955,0.31,-1.86,329074,11.1
2017-05-19,34.37,1.22,0.31,264668,11.5
2017-05-22,34.72,1.02,1.22,283269,11.7
2017-05-23,34.68,-0.12,1.02,344218,11.6
2017-05-24,34.62,-0.17,-0.12,264113,11.1
2017-05-25,34.75,0.38,-0.17,145279,10.3
2017-05-26,34.7,-0.14,0.38,321273,10.4
2017-05-30,34.66,-0.12,-0.14,205252,10.5
2017-05-31,34.58,-0.23,-0.12,272453,10.6
2017-06-01,34.99,1.19,-0.23,279395,10.6
2017-06-02,35.43,1.26,1.19,214572,10.8
2017-06-05,35.5,0.2,1.26,389858,10.2
2017-06-06,35.37,-0.37,0.2,347137,10
2017-06-07,35.3471,-0.06,-0.37,317507,9.9
2017-06-08,35.465,0.33,-0.06,338712,9.9
2017-06-09,35,-1.31,0.33,329286,10.9
2017-06-12,34.63,-1.06,-1.31,539979,11.4
2017-06-13,34.84,0.61,-1.06,386689,11.5
2017-06-14,34.74,-0.29,0.61,386774,11.5
2017-06-15,34.39,-1.01,-0.29,341808,12
2017-06-16,34.56,0.49,-1.01,488394,12
2017-06-19,35,1.27,0.49,190087,12.5
2017-06-20,34.81,-0.54,1.27,540560,12.6
2017-06-21,34.81,0,-0.54,453267,12.6
2017-06-22,34.84,0.09,0,212441,12.5
2017-06-23,34.88,0.11,0.09,313077,12.5
2017-06-26,34.8,-0.23,0.11,207623,12.3
2017-06-27,34.51,-0.83,-0.23,298122,12.5
2017-06-28,34.69,0.52,-0.83,240159,11.2
2017-06-29,34.25,-1.27,0.52,200563,11.9
2017-06-30,34.28,0.09,-1.27,271260,11.3
2017-07-03,34.11,-0.5,0.09,232572,10.9
2017-07-05,34.15,0.12,-0.5,247826,10.9
2017-07-06,33.82,-0.97,0.12,444215,11.3
2017-07-07,34.15,0.98,-0.97,201076,11.6
2017-07-10,34.37,0.64,0.98,302765,11.8
2017-07-11,34.61,0.7,0.64,454154,12
2017-07-12,35.01,1.16,0.7,462809,12.5
2017-07-13,35.02,0.03,1.16,342476,12
2017-07-14,35.36,0.97,0.03,455487,11.7
2017-07-17,35.29,-0.2,0.97,286229,11.7
2017-07-18,35.37,0.23,-0.2,176383,11.7
2017-07-19,35.7,0.93,0.23,323283,12
2017-07-20,35.69,-0.03,0.93,397000,12
2017-07-21,35.78,0.25,-0.03,511509,11.2
2017-07-24,35.925,0.41,0.25,337319,10.7
2017-07-25,35.98,0.15,0.41,267032,10.6
2017-07-26,36.08,0.28,0.15,489718,10.5
2017-07-27,36.22,0.39,0.28,341848,9.9
2017-07-28,36.18,-0.11,0.39,585622,9.9
2017-07-31,36.28,0.28,-0.11,205970,9.3
2017-08-01,36.45,0.47,0.28,5493332,9.1
2017-08-02,36.44,-0.03,0.47,389001,9.1
2017-08-03,36.09,-0.96,-0.03,315421,9.7
2017-08-04,36.09,0,-0.96,280328,9.7
2017-08-07,36.35,0.72,0,251559,9.8
2017-08-08,36.23,-0.33,0.72,170550,9.5
2017-08-09,36.1,-0.36,-0.33,232244,9.5
2017-08-10,35.4,-1.94,-0.36,464475,10.6
2017-08-11,35.51,0.31,-1.94,550395,10.7
2017-08-14,35.88,1.04,0.31,320495,10.8
2017-08-15,35.86,-0.06,1.04,196620,10.8
2017-08-16,35.9935,0.37,-0.06,232526,10.3
2017-08-17,35.73,-0.73,0.37,346687,10.4
2017-08-18,35.68,-0.14,-0.73,345203,10.3
2017-08-21,35.58,-0.28,-0.14,244471,10.2
2017-08-22,36.08,1.41,-0.28,229687,10.5
2017-08-23,36.12,0.11,1.41,373822,10.5
2017-08-24,36,-0.33,0.11,247645,10.2
2017-08-25,36.1,0.28,-0.33,232238,10.2
2017-08-28,36.2,0.28,0.28,175642,10.2
2017-08-29,36.24,0.11,0.28,275575,9.8
2017-08-30,36.5,0.72,0.11,261502,10
2017-08-31,36.84,0.93,0.72,419730,10.3
2017-09-01,36.92,0.22,0.93,332810,10.3
2017-09-05,36.64,-0.76,0.22,342081,10.6
2017-09-06,36.87,0.63,-0.76,875505,10.7
2017-09-07,37.18,0.84,0.63,336751,10.9
2017-09-08,37.165,-0.04,0.84,300627,10.9
2017-09-11,37.77,1.63,-0.04,308232,11.8
2017-09-12,38.01,0.64,1.63,494564,11.9
2017-09-13,38,-0.03,0.64,456284,11.9
2017-09-14,38.07,0.18,-0.03,573870,11.4
2017-09-15,38.22,0.39,0.18,845120,11.4
2017-09-18,38.57,0.92,0.39,379832,11.5
2017-09-19,38.7,0.34,0.92,723073,11.4
2017-09-20,38.7,0,0.34,536771,11.2
2017-09-21,38.41,-0.75,0,584996,9.5
2017-09-22,38.44,0.08,-0.75,510036,9.5
2017-09-25,38.23,-0.55,0.08,343408,9.5
2017-09-26,38.04,-0.5,-0.55,421165,9.7
2017-09-27,38.34,0.79,-0.5,408470,9.9
2017-09-28,38.47,0.34,0.79,610515,9.4
2017-09-29,38.68,0.55,0.34,382002,9.4
2017-10-02,38.92,0.62,0.55,582418,9.3
2017-10-03,39.08,0.41,0.62,618882,8.6
2017-10-04,39.08,0,0.41,421852,8.7
2017-10-05,39.03,-0.13,0,365432,8.5
2017-10-06,38.95,-0.2,-0.13,413774,8.7
2017-10-09,39.03,0.21,-0.2,473295,8.7
2017-10-10,39.24,0.54,0.21,238715,8.7
2017-10-11,39.41,0.43,0.54,399984,8.6
2017-10-12,39.47,0.15,0.43,470795,8.4
2017-10-13,39.77,0.76,0.15,585433,8.5
2017-10-16,39.76,-0.03,0.76,569472,7.9
2017-10-17,39.73,-0.08,-0.03,481851,7.9
2017-10-18,39.74,0.03,-0.08,469733,7.8
2017-10-19,39.5,-0.6,0.03,548436,8.1
2017-10-20,39.7,0.51,-0.6,436391,6.9
2017-10-23,39.77,0.18,0.51,351464,6.8
2017-10-24,39.83,0.15,0.18,536363,6.8
2017-10-25,39.62,-0.53,0.15,672197,7.1
2017-10-26,39.69,0.18,-0.53,741947,7
2017-10-27,40.14,1.13,0.18,370998,7.3
2017-10-30,40.1,-0.1,1.13,585519,7.3
2017-10-31,40.67,1.42,-0.1,470109,8.2
2017-11-01,40.49,-0.44,1.42,864338,8
2017-11-02,40.51,0.05,-0.44,735623,8
2017-11-03,40.71,0.49,0.05,452136,7.7
2017-11-06,40.98,0.66,0.49,454709,7.5
2017-11-07,40.96,-0.05,0.66,470018,7.3
2017-11-08,41.08,0.29,-0.05,684329,7.3
2017-11-09,40.62,-1.12,0.29,537047,8.3
2017-11-10,40.64,0.05,-1.12,2009608,8.2
2017-11-13,40.49,-0.37,0.05,583568,8.3
2017-11-14,40.57,0.2,-0.37,681576,8.3
2017-11-15,40.2,-0.91,0.2,589442,8.8
2017-11-16,40.9,1.74,-0.91,698015,10
2017-11-17,41,0.24,1.74,526493,10
2017-11-20,41.42,1.02,0.24,632954,10.3
2017-11-21,42.11,1.67,1.02,852467,11.2
2017-11-22,42.25,0.33,1.67,948253,11.2
2017-11-24,42.59,0.8,0.33,613314,11.2
2017-11-27,42.36,-0.54,0.8,436174,11.4
2017-11-28,42.54,0.42,-0.54,656576,11.4
2017-11-29,41.69,-2,0.42,683539,13.2
2017-11-30,41.69,0,-2,1160540,13
2017-12-01,41.57,-0.29,0,849398,13.1
2017-12-04,40.79,-1.88,-0.29,812086,14.4
2017-12-05,40.48,-0.76,-1.88,741113,14.6
2017-12-06,40.27,-0.52,-0.76,757592,14.6
2017-12-07,40.63,0.89,-0.52,489833,14.9
2017-12-08,40.79,0.39,0.89,521091,14.5
2017-12-11,40.7,-0.22,0.39,666544,14.5
2017-12-12,40.64,-0.15,-0.22,697680,13.9
2017-12-13,40.46,-0.44,-0.15,487932,13.9
2017-12-14,40.27,-0.47,-0.44,425550,14
2017-12-15,40.39,0.3,-0.47,513694,13.9
2017-12-18,41.08,1.71,0.3,762123,14.7
2017-12-19,40.99,-0.22,1.71,501507,14.8
2017-12-20,41.01,0.05,-0.22,503777,14.7
2017-12-21,41.25,0.59,0.05,345233,14.4
2017-12-22,41.35,0.24,0.59,444140,14.4
2017-12-26,41.28,-0.17,0.24,577435,14.4
2017-12-27,41.34,0.15,-0.17,320468,14.4
2017-12-28,41.44,0.24,0.15,285977,14.1
2017-12-29,41.32,-0.29,0.24,282776,13.2
2018-01-02,41.74,1.02,-0.29,402721,13.5
2018-01-03,42.37,1.51,1.02,696530,13.9
2018-01-04,43,1.49,1.51,905533,13.7
2018-01-05,43.41,0.95,1.49,1011825,13.9
2018-01-08,43.61,0.46,0.95,776348,13.8
2018-01-09,43.7,0.21,0.46,798815,13.7
2018-01-10,43.52,-0.41,0.21,758410,13.7
2018-01-11,44.02,1.15,-0.41,706140,12.4
2018-01-12,44.62,1.36,1.15,761214,12.9
2018-01-16,44.9,0.63,1.36,1012961,12.8
2018-01-17,45.32,0.94,0.63,1408219,11.1
2018-01-18,45.29,-0.07,0.94,822523,10.6
2018-01-19,45.83,1.19,-0.07,1011592,10.5
2018-01-22,46.02,0.41,1.19,1008006,10.4
2018-01-23,46.16,0.3,0.41,849172,10.4
2018-01-24,45.8,-0.78,0.3,962162,10.9
2018-01-25,45.58,-0.48,-0.78,894975,11.1
2018-01-26,46.12,1.18,-0.48,836116,11
2018-01-29,45.72,-0.87,1.18,538996,11.4
2018-01-30,45.15,-1.25,-0.87,1120346,12.4
2018-01-31,45.2,0.11,-1.25,935176,11.8
2018-02-01,45.42,0.49,0.11,833117,11.6
2018-02-02,44.32,-2.42,0.49,908674,14.4
2018-02-05,42.03,-5.17,-2.42,1438994,22
2018-02-06,42.74,1.69,-5.17,2089222,22.5
2018-02-07,42.51,-0.54,1.69,2064425,22.6
2018-02-08,40.6,-4.49,-0.54,1220211,26.6
2018-02-09,40.98,0.94,-4.49,1693117,26.7
2018-02-12,41.73,1.83,0.94,2789765,27.3
2018-02-13,41.45,-0.67,1.83,1052664,27.2
2018-02-14,42.26,1.95,-0.67,948264,27.4
2018-02-15,42.87,1.44,1.95,1017299,27.4
2018-02-16,42.87,0,1.44,863459,27.3
2018-02-20,42.55,-0.75,0,855760,27.3
2018-02-21,42.65,0.24,-0.75,465585,27.3
2018-02-22,42.84,0.45,0.24,699722,27.3
2018-02-23,43.23,0.91,0.45,643053,27.2
2018-02-26,43.66,0.99,0.91,501626,27.1
2018-02-27,43.11,-1.26,0.99,969253,27.2
2018-02-28,42.62,-1.14,-1.26,750538,27.2
2018-03-01,41.68,-2.21,-1.14,487714,27.8
2018-03-02,42.2,1.25,-2.21,1133625,27.9
2018-03-05,42.52,0.76,1.25,791077,28
2018-03-06,42.98,1.08,0.76,455391,28.2
2018-03-07,42.91,-0.16,1.08,494404,28.1
2018-03-08,43.1,0.44,-0.16,791082,28.2
2018-03-09,43.66,1.3,0.44,348102,28.3
2018-03-12,43.96,0.69,1.3,504319,28.3
2018-03-13,43.62,-0.77,0.69,610032,28.2
2018-03-14,43.71,0.21,-0.77,597204,28.2
2018-03-15,43.77,0.14,0.21,297743,28.1
2018-03-16,43.4,-0.85,0.14,424864,27.3
2018-03-19,42.76,-1.47,-0.85,294515,22.4
2018-03-20,42.72,-0.09,-1.47,536001,21.9
2018-03-21,42.94,0.51,-0.09,411706,21.9
2018-03-22,41.95,-2.31,0.51,185883,18.1
2018-03-23,40.93,-2.43,-2.31,436194,19.5
2018-03-26,41.92,2.42,-2.43,666007,20.1
2018-03-27,41.39,-1.26,2.42,346153,20.4
2018-03-28,41.09,-0.72,-1.26,510115,19.5
2018-03-29,41.82,1.78,-0.72,580664,19.8
2018-04-02,40.99,-1.98,1.78,444235,20.6
2018-04-03,41.32,0.81,-1.98,561044,20.7
2018-04-04,41.12,-0.48,0.81,310540,20.7
2018-04-05,41.31,0.46,-0.48,588680,20.7
2018-04-06,40.46,-2.06,0.46,406511,21.3
2018-04-09,40.48,0.05,-2.06,251494,21
2018-04-10,41.39,2.25,0.05,355492,22
2018-04-11,41.57,0.43,2.25,644340,21.8
2018-04-12,41.79,0.53,0.43,235150,20.8
2018-04-13,41.87,0.19,0.53,306513,20.5
2018-04-16,42.07,0.48,0.19,522588,20.4
2018-04-17,42.46,0.93,0.48,618752,20.3
2018-04-18,42.85,0.92,0.93,255271,20.5
2018-04-19,42.53,-0.75,0.92,409090,20.6
2018-04-20,42.22,-0.73,-0.75,334941,20.3
2018-04-23,41.71,-1.21,-0.73,264303,20.4
2018-04-24,41.21,-1.2,-1.21,370335,20.5
2018-04-25,40.75,-1.12,-1.2,427047,20.7
2018-04-26,40.84,0.22,-1.12,457178,20.7
2018-04-27,40.45,-0.95,0.22,485184,20.7
2018-04-30,40.26,-0.47,-0.95,491916,20.4
2018-05-01,40.15,-0.27,-0.47,398788,20.4
2018-05-02,39.93,-0.55,-0.27,517630,20.3
2018-05-03,40.03,0.25,-0.55,311028,19.3
2018-05-04,40.47,1.1,0.25,412223,18.2
2018-05-07,40.87,0.99,1.1,195726,16.9
2018-05-08,41.2,0.81,0.99,235092,16.7
2018-05-09,41.65,1.09,0.81,310411,16.9
2018-05-10,41.87,0.53,1.09,358948,16.1
2018-05-11,42.02,0.36,0.53,288450,14.9
2018-05-14,42.02,0,0.36,467943,14.7
2018-05-15,41.72,-0.71,0,348034,14.8
2018-05-16,41.87,0.36,-0.71,556666,14.8
2018-05-17,41.86,-0.02,0.36,247009,13.3
2018-05-18,41.9401,0.19,-0.02,364863,13.3
2018-05-21,42.52,1.38,0.19,430270,12.2
2018-05-22,42.4,-0.28,1.38,341843,12.2
2018-05-23,42.12,-0.66,-0.28,222953,12.3
2018-05-24,41.94,-0.43,-0.66,336293,12.4
2018-05-25,41.72,-0.52,-0.43,293318,12.4
2018-05-29,41.24,-1.15,-0.52,221606,12.5
2018-05-30,41.48,0.58,-1.15,488181,12.3
2018-05-31,41.29,-0.46,0.58,493314,12.1
2018-06-01,41.76,1.14,-0.46,183194,12.5
2018-06-04,42.06,0.72,1.14,296978,12.2
2018-06-05,42.29,0.55,0.72,249726,11.6
2018-06-06,42.5,0.5,0.55,453108,11.1
2018-06-07,42.37,-0.31,0.5,338931,11.1
2018-06-08,42.41,0.09,-0.31,284291,10.6
2018-06-11,42.64,0.54,0.09,180638,10.5
2018-06-12,42.58,-0.14,0.54,242841,10.4
2018-06-13,42.38,-0.47,-0.14,301742,10.4
2018-06-14,42.21,-0.4,-0.47,286167,10.6
2018-06-15,41.56,-1.54,-0.4,232336,11.4
2018-06-18,41.29,-0.65,-1.54,307747,11.2
2018-06-19,40.6,-1.67,-0.65,285625,12.1
2018-06-20,40.85,0.62,-1.67,670172,11.8
2018-06-21,40.55,-0.73,0.62,399145,11.8
2018-06-22,40.58,0.07,-0.73,280407,11.7
2018-06-25,39.7,-2.17,0.07,231208,13.2
2018-06-26,40.07,0.93,-2.17,533075,13.5
2018-06-27,39.76,-0.77,0.93,310526,13.6
2018-06-28,39.86,0.25,-0.77,490536,13.6
2018-06-29,40,0.35,0.25,255274,13.7
2018-07-02,39.9,-0.25,0.35,204978,12.8
2018-07-03,39.91,0.03,-0.25,362406,12.8
2018-07-05,39.8,-0.28,0.03,175812,12.8
2018-07-06,40.28,1.21,-0.28,467015,13.4
2018-07-09,40.63,0.87,1.21,314857,13.7
2018-07-10,41.05,1.03,0.87,197076,13.7
2018-07-11,40.18,-2.12,1.03,685160,14.9
2018-07-12,40.65,1.17,-2.12,414085,15.4
2018-07-13,40.72,0.17,1.17,218822,14.9
2018-07-16,40.57,-0.37,0.17,222214,14.8
2018-07-17,40.49,-0.2,-0.37,313189,14.6
2018-07-18,40.59,0.25,-0.2,336210,14.5
2018-07-19,40.61,0.05,0.25,171388,14.5
2018-07-20,40.55,-0.15,0.05,150115,14.5
2018-07-23,40.4,-0.37,-0.15,197553,14.4
2018-07-24,40.48,0.2,-0.37,320769,14.4
2018-07-25,41.04,1.38,0.2,301638,15.1
2018-07-26,41.43,0.95,1.38,323336,15.4
2018-07-27,41.27,-0.39,0.95,207426,14.7
2018-07-30,40.84,-1.04,-0.39,145230,14.9
2018-07-31,40.83,-0.02,-1.04,295600,14
2018-08-01,40.82,-0.02,-0.02,222642,13.9
2018-08-02,40.78,-0.1,-0.02,169118,13.7
2018-08-03,40.72,-0.15,-0.1,329420,13.7
2018-08-06,40.64,-0.2,-0.15,212032,11.9
2018-08-07,40.79,0.37,-0.2,168759,11.7
2018-08-08,41.13,0.83,0.37,331170,11.6
2018-08-09,41.22,0.22,0.83,266278,11.6
2018-08-10,40.71,-1.24,0.22,223234,12.3
2018-08-13,40.23,-1.18,-1.24,175941,12.8
2018-08-14,40.56,0.82,-1.18,229814,13
2018-08-15,39.78,-1.92,0.82,184822,14.3
2018-08-16,40.07,0.73,-1.92,273432,14
2018-08-17,40.33,0.65,0.73,393176,13.9
2018-08-20,40.61,0.69,0.65,346712,13.7
2018-08-21,41.17,1.38,0.69,252539,12.7
2018-08-22,41.36,0.46,1.38,228715,12.3
2018-08-23,41.29,-0.17,0.46,259900,12.3
2018-08-24,41.47,0.44,-0.17,141969,12.3
2018-08-27,42.1,1.52,0.44,167771,13
2018-08-28,42.58,1.14,1.52,344182,13.3
2018-08-29,42.85,0.63,1.14,271212,13.4
2018-08-30,42.66,-0.44,0.63,164263,13.5
2018-08-31,42.65,-0.02,-0.44,243815,13.4
2018-09-04,42.04,-1.43,-0.02,109999,14.2
2018-09-05,41.54,-1.19,-1.43,287298,14.2
2018-09-06,41.36,-0.43,-1.19,243434,14
2018-09-07,40.99,-0.89,-0.43,315690,14.2
2018-09-10,41.17,0.44,-0.89,199854,13.9
2018-09-11,41.18,0.02,0.44,293568,13.9
2018-09-12,41,-0.44,0.02,132029,14
2018-09-13,41.33,0.8,-0.44,187504,14.2
2018-09-14,41.91,1.4,0.8,302521,14.7
2018-09-17,41.71,-0.48,1.4,147731,14.8
2018-09-18,42.23,1.25,-0.48,187368,15.2
2018-09-19,42.22,-0.02,1.25,164127,15
2018-09-20,42.52,0.71,-0.02,126690,15.1
2018-09-21,42.78,0.61,0.71,195074,14.6
2018-09-24,42.56,-0.51,0.61,461298,14.2
2018-09-25,42.36,-0.47,-0.51,240488,14.2
2018-09-26,42,-0.85,-0.47,246769,13
2018-09-27,41.91,-0.21,-0.85,262175,12.9
2018-09-28,41.85,-0.14,-0.21,159780,12.9
2018-10-01,42.1,0.6,-0.14,255759,12.8
2018-10-02,41.83,-0.64,0.6,169527,12.4
2018-10-03,41.69,-0.33,-0.64,204943,12.4
2018-10-04,40.91,-1.87,-0.33,162437,13.7
2018-10-05,40,-2.22,-1.87,364929,15.1
2018-10-08,39.57,-1.08,-2.22,334836,14.5
2018-10-09,39.02,-1.39,-1.08,362379,14.3
2018-10-10,37.27,-4.48,-1.39,576221,18.9
2018-10-11,36.59,-1.82,-4.48,5000780,19.4
2018-10-12,37.41,2.24,-1.82,948897,21
2018-10-15,37.25,-0.43,2.24,351197,20.8
2018-10-16,38.52,3.41,-0.43,202170,23.5
2018-10-17,38.44,-0.21,3.41,378555,23.5
2018-10-18,37.35,-2.84,-0.21,148675,24.7
2018-10-19,36.99,-0.96,-2.84,383088,24.6
2018-10-22,37.13,0.38,-0.96,238713,24.7
2018-10-23,36.62,-1.37,0.38,202530,24.9
2018-10-24,35.04,-4.31,-1.37,470039,27.4
2018-10-25,35.5,1.31,-4.31,511588,27.3
2018-10-26,35,-1.41,1.31,415764,27.4
2018-10-29,34.61,-1.11,-1.41,969026,26.9
2018-10-30,35.72,3.21,-1.11,341154,29.2
2018-10-31,36.32,1.68,3.21,459181,29.7
2018-11-01,37.1,2.15,1.68,458668,30.6
2018-11-02,37.92,2.21,2.15,283132,31.6
2018-11-05,37.57,-0.92,2.21,571681,31.6
2018-11-06,37.75,0.48,-0.92,251212,31.7
2018-11-07,38.38,1.67,0.48,305626,32.3
2018-11-08,37.9,-1.25,1.67,180711,32.4
2018-11-09,37.04,-2.27,-1.25,155056,32.8
2018-11-12,36.14,-2.43,-2.27,406807,33.3
2018-11-13,36.25,0.3,-2.43,296105,33.4
2018-11-14,36.25,0,0.3,190336,33.2
2018-11-15,36.68,1.19,0,655910,33
2018-11-16,36.51,-0.46,1.19,218701,32.9
2018-11-19,35.79,-1.97,-0.46,154933,33.2
2018-11-20,35.09,-1.96,-1.97,280611,30.9
2018-11-21,35.69,1.71,-1.96,311326,30.9
2018-11-23,35.3,-1.09,1.71,216745,30.2
2018-11-26,36.03,2.07,-1.09,84675,31
2018-11-27,35.86,-0.47,2.07,167588,29
2018-11-28,37.05,3.32,-0.47,114384,30.9
2018-11-29,36.96,-0.24,3.32,186829,29.7
2018-11-30,36.97,0.03,-0.24,287845,29.5
2018-12-03,37.94,2.62,0.03,68374,30.5
2018-12-04,36.22,-4.53,2.62,132187,33.4
2018-12-06,35.66,-1.55,-4.53,452003,30.9
2018-12-07,34.68,-2.75,-1.55,506994,31.8
2018-12-10,34.6,-0.23,-2.75,403024,31.6
2018-12-11,34.43,-0.49,-0.23,420868,31.4
2018-12-12,35.05,1.8,-0.49,538907,30.4
2018-12-13,34.67,-1.08,1.8,266883,30
2018-12-14,34,-1.93,-1.08,388331,29.6
2018-12-17,33.23,-2.26,-1.93,472903,29.2
2018-12-18,33.47,0.72,-2.26,869504,29.3
2018-12-19,33.01,-1.37,0.72,2084665,29.4
2018-12-20,32.34,-2.03,-1.37,659008,29
2018-12-21,31.58,-2.35,-2.03,932246,29.4
2018-12-24,30.86,-2.28,-2.35,680515,29.4
2018-12-26,32.08,3.95,-2.28,420472,31.8
2018-12-27,32.13,0.16,3.95,542172,31.7
2018-12-28,32.33,0.62,0.16,619540,31.9
2018-12-31,32.55,0.68,0.62,464849,31.7
2019-01-02,32.64,0.28,0.68,482796,31.7
2019-01-03,31.56,-3.31,0.28,168189,32.6
2019-01-04,32.78,3.87,-3.31,208015,34.6
2019-01-07,33.31,1.62,3.87,291520,34.6
2019-01-08,33.74,1.29,1.62,118954,34.8
2019-01-09,34.3,1.66,1.29,150700,34.5
2019-01-10,34.45,0.44,1.66,253450,34.6
2019-01-11,34.3,-0.44,0.44,163194,32.9
2019-01-14,34.05,-0.73,-0.44,217229,33
2019-01-15,34.58,1.56,-0.73,91298,33.4
2019-01-16,34.77,0.55,1.56,192743,32.3
2019-01-17,34.94,0.49,0.55,202166,29.5
2019-01-18,35.65,2.03,0.49,288413,29.8
2019-01-22,34.76,-2.5,2.03,173381,29.6
2019-01-23,34.78,0.06,-2.5,207875,29.6
2019-01-24,35.37,1.7,0.06,117737,29.9
2019-01-25,36.16,2.23,1.7,202121,30.2
2019-01-28,35.78,-1.05,2.23,176073,30.2
2019-01-29,35.55,-0.64,-1.05,136127,29.6
2019-01-30,36.18,1.77,-0.64,96956,29
2019-01-31,36.48,0.83,1.77,112235,29
2019-02-01,36.46,-0.05,0.83,202597,28.5
2019-02-04,36.73,0.74,-0.05,957012,27.6
2019-02-05,37.07,0.93,0.74,155279,26.2
2019-02-06,37.13,0.16,0.93,191214,24.7
2019-02-07,36.52,-1.64,0.16,111893,23.5
2019-02-08,36.33,-0.52,-1.64,187952,23.6
2019-02-11,36.5,0.47,-0.52,93023,23.6
2019-02-12,37.54,2.85,0.47,171736,24.7
2019-02-13,37.79,0.67,2.85,150174,24.7
2019-02-14,37.77,-0.05,0.67,138248,21.6
2019-02-15,38.39,1.64,-0.05,156027,19.6
2019-02-19,38.72,0.86,1.64,171960,19.3
2019-02-20,38.89,0.44,0.86,267130,19.2
2019-02-21,38.63,-0.67,0.44,139191,19.1
2019-02-22,38.8,0.44,-0.67,142618,19.1
2019-02-25,39.21,1.06,0.44,204490,19
2019-02-26,39.03,-0.46,1.06,151665,18.9
2019-02-27,38.86,-0.44,-0.46,93960,18.8
2019-02-28,38.58,-0.72,-0.44,148436,19.1
2019-03-01,38.86,0.73,-0.72,116929,19.1
2019-03-04,38.96,0.26,0.73,77215,18.4
2019-03-05,38.87,-0.23,0.26,97571,16.3
2019-03-06,38.53,-0.87,-0.23,97787,16.7
2019-03-07,37.57,-2.49,-0.87,139834,18.3
2019-03-08,37.39,-0.48,-2.49,191776,17.3
2019-03-11,38.04,1.74,-0.48,165286,17.5
2019-03-12,38.2,0.42,1.74,95687,17.3
2019-03-13,38.35,0.39,0.42,84742,16.7
2019-03-14,38.16,-0.5,0.39,121949,16.7
2019-03-15,38.55,1.02,-0.5,65299,16.9
2019-03-18,38.77,0.57,1.02,101575,16.9
2019-03-19,38.95,0.46,0.57,138762,16.7
2019-03-20,38.8,-0.39,0.46,102573,16.8
2019-03-21,39.22,1.08,-0.39,319060,16.1
2019-03-22,38.19,-2.63,1.08,102877,18.1
2019-03-25,38.08,-0.29,-2.63,340260,18.2
2019-03-26,38.57,1.29,-0.29,125120,16.6
2019-03-27,38.19,-0.99,1.29,128552,16.8
2019-03-28,38.45,0.68,-0.99,109092,16.9
2019-03-29,38.73,0.73,0.68,125839,16.3
2019-04-01,39.58,2.19,0.73,108509,17.4
2019-04-02,39.78,0.51,2.19,227148,17.4
2019-04-03,40.36,1.46,0.51,186932,17.7
2019-04-04,40.34,-0.05,1.46,156314,17.7
2019-04-05,40.83,1.21,-0.05,162012,17.8
2019-04-08,40.82,-0.02,1.21,110886,17.7
2019-04-09,40.5,-0.78,-0.02,235200,17.8
2019-04-10,40.77,0.67,-0.78,336160,17.7
2019-04-11,40.67,-0.25,0.67,151476,17.7
2019-04-12,41.1,1.06,-0.25,101187,17.9
2019-04-15,41.27,0.41,1.06,139573,17.8
2019-04-16,41.6,0.8,0.41,908467,17.6
2019-04-17,41.71,0.26,0.8,347036,15.3
2019-04-18,41.72,0.02,0.26,660065,15.1
2019-04-22,41.77,0.12,0.02,231758,14.6
2019-04-23,42,0.55,0.12,137482,14.6
2019-04-24,41.81,-0.45,0.55,214921,14.8
2019-04-25,41.46,-0.84,-0.45,555498,15
2019-04-26,41.46,0,-0.84,290883,14.8
2019-04-29,41.54,0.19,0,134376,14.8
2019-04-30,41.61,0.17,0.19,200931,14.8
2019-05-01,41.24,-0.89,0.17,89182,15
2019-05-02,41.11,-0.32,-0.89,88449,14.9
2019-05-03,41.8,1.68,-0.32,212395,12.7
2019-05-06,41.03,-1.84,1.68,111696,14.2
2019-05-07,39.9,-2.75,-1.84,174404,16.5
2019-05-08,39.69,-0.53,-2.75,492331,16.3
2019-05-09,39.16,-1.34,-0.53,96901,16.8
2019-05-10,39.45,0.74,-1.34,204068,16.8
2019-05-13,37.71,-4.41,0.74,224071,20.5
2019-05-14,38.2,1.3,-4.41,418674,20.9
2019-05-15,38.54,0.89,1.3,1342497,20.6
2019-05-16,38.54,0,0.89,293140,20.6
2019-05-17,37.86,-1.76,0,208606,20.7
2019-05-20,36.97,-2.35,-1.76,120114,21.6
2019-05-21,37.56,1.6,-2.35,183591,22.3
2019-05-22,37.23,-0.88,1.6,121203,22.2
2019-05-23,36.28,-2.55,-0.88,220929,23.2
2019-05-24,36.57,0.8,-2.55,355400,23.1
2019-05-28,36.43,-0.38,0.8,213168,22.9
2019-05-29,36.24,-0.52,-0.38,226930,22.6
2019-05-30,36.62,1.05,-0.52,477870,23
2019-05-31,36,-1.69,1.05,68317,23.2
2019-06-03,36,0,-1.69,122041,23.2
2019-06-04,37.11,3.08,0,121492,25.3
2019-06-05,37.36,0.67,3.08,99086,25.5
2019-06-06,37.19,-0.46,0.67,509046,25.5
2019-06-07,37.81,1.67,-0.46,124107,26.2
2019-06-10,38.23,1.11,1.67,96871,26.5
2019-06-11,38.44,0.55,1.11,100514,26.6
2019-06-12,38.04,-1.04,0.55,65632,26.6
2019-06-13,38.13,0.24,-1.04,468632,26.7
2019-06-14,37.68,-1.18,0.24,60953,26.1
2019-06-17,37.82,0.37,-1.18,76004,25.8
2019-06-18,38.43,1.61,0.37,414730,25.2
2019-06-19,38.85,1.09,1.61,117798,25.4
2019-06-20,39.49,1.65,1.09,88097,25.6
2019-06-21,39.25,-0.61,1.65,250389,25.5
2019-06-24,39.01,-0.61,-0.61,241487,21.5
2019-06-25,38.65,-0.92,-0.61,147832,21.4
2019-06-26,38.86,0.54,-0.92,102182,21.3
2019-06-27,39.37,1.31,0.54,89192,21.7
2019-06-28,39.94,1.45,1.31,184735,21.2
2019-07-01,40.5,1.4,1.45,84036,20
2019-07-02,40.09,-1.01,1.4,331543,20
2019-07-03,40.08,-0.02,-1.01,102590,19.7
2019-07-05,39.7,-0.95,-0.02,60871,18
2019-07-08,39.28,-1.06,-0.95,176536,18.4
2019-07-09,38.9891,-0.74,-1.06,151630,18.6
2019-07-10,38.99,0,-0.74,145973,18.4
2019-07-11,38.62,-0.95,0,293084,18.6
2019-07-12,38.61,-0.03,-0.95,142863,17.7
2019-07-15,38.68,0.18,-0.03,252940,17.7
2019-07-16,38.5,-0.47,0.18,80170,15.5
2019-07-17,38.38,-0.31,-0.47,62260,15.5
2019-07-18,38.25,-0.34,-0.31,215997,15.4
2019-07-19,38.29,0.1,-0.34,198117,14.7
2019-07-22,38.64,0.91,0.1,165965,14.6
2019-07-23,39.2,1.45,0.91,135876,15.1
2019-07-24,39.76,1.43,1.45,114571,15.2
2019-07-25,38.91,-2.14,1.43,254684,16.7
2019-07-26,39.04,0.33,-2.14,97867,16.2
2019-07-29,38.81,-0.59,0.33,92979,16.4
2019-07-30,38.75,-0.15,-0.59,217667,15.7
2019-07-31,38.21,-1.39,-0.15,127169,15.9
2019-08-01,37.55,-1.73,-1.39,91826,15.8
2019-08-02,36.67,-2.34,-1.73,224669,17.1
2019-08-05,35.32,-3.68,-2.34,224449,20
2019-08-06,35.98,1.87,-3.68,284340,21
2019-08-07,35.94,-0.11,1.87,94780,20.9
2019-08-08,36.8,2.39,-0.11,116299,21.8
2019-08-09,36.01,-2.15,2.39,122139,21.9
2019-08-12,35.49,-1.44,-2.15,146378,21.5
2019-08-13,36.29,2.25,-1.44,111797,22.8
2019-08-14,35,-3.55,2.25,130096,24.8
2019-08-15,35,0,-3.55,250462,24.8
2019-08-16,35.79,2.26,0,172007,26
2019-08-19,36.22,1.2,2.26,197174,26.3
2019-08-20,35.99,-0.64,1.2,130621,26.3
2019-08-21,36.45,1.28,-0.64,147513,26.6
2019-08-22,36.37,-0.22,1.28,124233,26.6
2019-08-23,35.34,-2.83,-0.22,140831,27.8
2019-08-26,35.57,0.65,-2.83,129226,27.9
2019-08-27,35.4,-0.48,0.65,111274,27.9
2019-08-28,35.52,0.34,-0.48,206022,28
2019-08-29,36.15,1.77,0.34,232993,28.6
2019-08-30,36.41,0.72,1.77,110473,28.5
2019-09-03,35.9,-1.4,0.72,86613,28.3
2019-09-04,36.55,1.81,-1.4,71079,28.5
2019-09-05,37.52,2.65,1.81,97869,29.2
2019-09-06,37.62,0.27,2.65,204955,29.2
2019-09-09,38.1,1.28,0.27,89046,29.4
2019-09-10,38.44,0.89,1.28,135824,29.6
2019-09-11,39.08,1.66,0.89,130522,29.7
2019-09-12,39.39,0.79,1.66,303333,29.2
2019-09-13,39.52,0.33,0.79,270164,28.1
2019-09-16,39.35,-0.43,0.33,87490,25.3
2019-09-17,39.18,-0.43,-0.43,99733,25
2019-09-18,39.17,-0.03,-0.43,171826,25
2019-09-19,39.19,0.05,-0.03,146344,24.2
2019-09-20,38.66,-1.35,0.05,60152,23.6
2019-09-23,38.65,-0.03,-1.35,96861,23
2019-09-24,38.07,-1.5,-0.03,133928,22.8
2019-09-25,38.21,0.37,-1.5,80202,19.5
2019-09-26,38.22,0.03,0.37,140519,19.5
2019-09-27,37.94,-0.73,0.03,163204,18.8
2019-09-30,38.35,1.08,-0.73,137478,18.8
2019-10-01,37.72,-1.64,1.08,55903,19.4
2019-10-02,36.87,-2.25,-1.64,54669,20.4
2019-10-03,37.32,1.22,-2.25,151509,20.7
2019-10-04,37.71,1.05,1.22,76580,18.7
2019-10-07,37.56,-0.4,1.05,69550,18.8
2019-10-08,36.65,-2.42,-0.4,87918,20.3
2019-10-09,37.07,1.15,-2.42,63317,20.5
2019-10-10,37.15,0.22,1.15,78529,19.9
2019-10-11,38.17,2.75,0.22,72838,21.3
2019-10-14,38.04,-0.34,2.75,176310,20.8
2019-10-15,38.7,1.74,-0.34,57462,20.8
2019-10-16,38.65,-0.13,1.74,82216,19.4
2019-10-17,38.82,0.44,-0.13,125282,19.4
2019-10-18,38.77,-0.13,0.44,56071,19.1
2019-10-21,38.99,0.57,-0.13,78746,19
2019-10-22,38.71,-0.72,0.57,61328,18.4
2019-10-23,38.9,0.49,-0.72,88171,18.3
2019-10-24,39.35,1.16,0.49,51063,18.6
2019-10-25,39.43,0.2,1.16,100831,18.6
2019-10-28,40.05,1.57,0.2,94241,19.1
2019-10-29,39.84,-0.52,1.57,164839,19.2
2019-10-30,39.86,0.05,-0.52,110994,19.2
2019-10-31,39.5,-0.9,0.05,143378,18.9
2019-11-01,40.28,1.97,-0.9,95045,19.7
2019-11-04,40.78,1.24,1.97,104066,19.3
2019-11-05,40.97,0.47,1.24,150439,19.3
2019-11-06,40.59,-0.93,0.47,119431,19.6
2019-11-07,41.01,1.03,-0.93,79310,19.6
2019-11-08,40.94,-0.17,1.03,140617,19.4
2019-11-11,40.94,0,-0.17,108583,18.6
2019-11-12,40.84,-0.24,0,87633,16.9
2019-11-13,40.75,-0.22,-0.24,67616,16.7
2019-11-14,40.72,-0.07,-0.22,83166,16.6
2019-11-15,41.04,0.79,-0.07,79963,16.6
2019-11-18,40.72,-0.78,0.79,107676,14.6
2019-11-19,40.69,-0.07,-0.78,85377,14.5
2019-11-20,40.5,-0.47,-0.07,115241,14.7
2019-11-21,40.58,0.2,-0.47,76928,12.6
2019-11-22,40.65,0.17,0.2,71014,12.5
2019-11-25,41.35,1.72,0.17,78522,12.5
2019-11-26,41.39,0.1,1.72,138996,12.4
2019-11-27,41.55,0.39,0.1,63181,12.4
2019-11-29,41.18,-0.89,0.39,73800,12.8
2019-12-02,40.74,-1.07,-0.89,41772,13.3
2019-12-03,40.61,-0.32,-1.07,188821,13.2
2019-12-04,40.97,0.89,-0.32,134527,13.3
2019-12-05,40.96,-0.02,0.89,93455,13
2019-12-06,41.51,1.34,-0.02,58703,13.4
2019-12-09,41.19,-0.77,1.34,98899,13
2019-12-10,41.21,0.05,-0.77,106928,12.9
2019-12-11,41.55,0.83,0.05,128032,13.1
2019-12-12,42.19,1.54,0.83,86673,13.3
2019-12-13,42.27,0.19,1.54,197647,12.1
2019-12-16,42.59,0.76,0.19,211795,11.8
2019-12-17,42.41,-0.42,0.76,192438,11.9
2019-12-18,42.27,-0.33,-0.42,124174,11.5
2019-12-19,42.3,0.07,-0.33,67264,11.2
2019-12-20,42.14,-0.38,0.07,80150,11.3
2019-12-23,42.41,0.64,-0.38,116473,11.4
2019-12-24,42.24,-0.4,0.64,121793,11.4
2019-12-26,42.37,0.31,-0.4,39341,11.4
2019-12-27,42.31,-0.14,0.31,65511,11.4
2019-12-30,41.85,-1.09,-0.14,73358,11.8
2019-12-31,42,0.36,-1.09,146469,11.5
2020-01-02,42.61,1.45,0.36,78793,12.2
2020-01-03,42.1,-1.2,1.45,199674,12.7
2020-01-06,42.17,0.17,-1.2,123463,12.7
2020-01-07,42.21,0.09,0.17,137341,12.7
2020-01-08,42.45,0.57,0.09,219912,11.8
2020-01-09,42.73,0.66,0.57,135166,12
2020-01-10,42.87,0.33,0.66,183328,11.9
2020-01-13,43.35,1.12,0.33,202580,11.9
2020-01-14,43.37,0.05,1.12,137849,11.3
2020-01-15,43.05,-0.74,0.05,124752,11.5
2020-01-16,43.58,1.23,-0.74,184843,11.7
2020-01-17,43.73,0.34,1.23,141154,11.7
2020-01-21,43.44,-0.66,0.34,198766,11.5
2020-01-22,43.51,0.16,-0.66,144086,11.1
2020-01-23,43.8,0.67,0.16,165883,11.2
2020-01-24,43.46,-0.78,0.67,88682,11.4
2020-01-27,42.29,-2.69,-0.78,154641,13.6
2020-01-28,42.72,1.02,-2.69,169615,13.9
2020-01-29,42.49,-0.54,1.02,125959,13.8
2020-01-30,42.24,-0.59,-0.54,112766,13.9
2020-01-31,41.26,-2.32,-0.59,171601,15.5
2020-02-03,41.69,1.04,-2.32,210958,15.9
2020-02-04,42.72,2.47,1.04,139546,17.5
2020-02-05,43.17,1.05,2.47,144069,17.7
2020-02-06,43.36,0.44,1.05,143771,17.6
2020-02-07,42.46,-2.08,0.44,119604,18.8
2020-02-10,42.86,0.94,-2.08,133025,19
2020-02-11,43.44,1.35,0.94,95039,19
2020-02-12,44,1.29,1.35,146676,19.3
2020-02-13,43.77,-0.52,1.29,125713,19
2020-02-14,43.64,-0.3,-0.52,138614,18.6
2020-02-18,43.1,-1.24,-0.3,196418,19.1
2020-02-19,43.37,0.63,-1.24,193921,19.2
2020-02-20,43.28,-0.21,0.63,125516,19.1
2020-02-21,42.66,-1.43,-0.21,170930,19.5
2020-02-24,40.7,-4.59,-1.43,156513,24
2020-02-25,39.8,-2.21,-4.59,472294,24.5
2020-02-26,39.92,0.3,-2.21,706689,24.5
2020-02-27,38.5,-3.56,0.3,377716,26.4
2020-02-28,38.42,-0.21,-3.56,399103,26
2020-03-02,39.4,2.55,-0.21,352859,27.4
2020-03-03,38.76,-1.62,2.55,144339,27.6
2020-03-04,39.72,2.48,-1.62,206223,28.9
2020-03-05,38.39,-3.35,2.48,138367,30.1
2020-03-06,37.75,-1.67,-3.35,129366,30.3
2020-03-09,34.81,-7.79,-1.67,165580,37.5
2020-03-10,36.3,4.28,-7.79,394144,39.9
2020-03-11,34.38,-5.29,4.28,306851,42.5
2020-03-12,30.68,-10.76,-5.29,209067,53.1
2020-03-13,32.72,6.65,-10.76,427965,57.6
2020-03-16,29.49,-9.87,6.65,286855,64
2020-03-17,31.21,5.83,-9.87,409906,66.4
2020-03-18,29.27,-6.22,5.83,248775,67.9
2020-03-19,29.8,1.81,-6.22,460620,68.3
2020-03-20,29.36,-1.48,1.81,282842,68.3
2020-03-23,28.96,-1.36,-1.48,290773,68
2020-03-24,31.87,10.05,-1.36,276340,75.1
2020-03-25,32.42,1.73,10.05,222829,75.2
2020-03-26,34.15,5.34,1.73,274985,77.5
2020-03-27,33.09,-3.1,5.34,139689,77.8
2020-03-30,33.86,2.33,-3.1,252148,78.4
2020-03-31,33.59,-0.8,2.33,137827,78.3
2020-04-01,31.89,-5.06,-0.8,143698,79.3
2020-04-02,32.33,1.38,-5.06,125155,79.6
2020-04-03,31.52,-2.51,1.38,60658,78.9
2020-04-06,34.17,8.41,-2.51,88386,83.2
2020-04-07,34.17,0,8.41,153447,83.2
2020-04-08,35,2.43,0,171968,83
2020-04-09,35.51,1.46,2.43,114343,83.2
2020-04-13,35.19,-0.9,1.46,98723,82.8
2020-04-14,36.3,3.15,-0.9,104166,83.3
2020-04-15,35.19,-3.06,3.15,187745,83.3
2020-04-16,35.4,0.6,-3.06,154039,82.9
2020-04-17,36.4,2.82,0.6,126206,83.2
2020-04-20,36.16,-0.66,2.82,178806,79.5
2020-04-21,35.27,-2.46,-0.66,120767,78.9
2020-04-22,36.08,2.3,-2.46,185873,77.4
2020-04-23,36.19,0.3,2.3,89597,68.6
2020-04-24,36.57,1.05,0.3,101051,66.2
2020-04-27,37.8,3.36,1.05,71533,57.6
2020-04-28,38.3,1.32,3.36,148943,55.7
2020-04-29,39.72,3.71,1.32,700231,51.7
2020-04-30,38.77,-2.39,3.71,203153,52.7
2020-05-01,37.6,-3.02,-2.39,523550,53.6
2020-05-04,37.52,-0.21,-3.02,102431,53.2
2020-05-05,38.2,1.81,-0.21,132690,46.1
2020-05-06,38.37,0.45,1.81,135080,45.9
2020-05-07,39.13,1.98,0.45,199533,43.9
2020-05-08,39.9,1.97,1.98,330115,42.6
2020-05-11,40.01,0.28,1.97,382401,42.3
2020-05-12,39.2,-2.02,0.28,319227,42.9
2020-05-13,38.78,-1.07,-2.02,273649,39.4
2020-05-14,38.52,-0.67,-1.07,200096,39.5
2020-05-15,38.69,0.44,-0.67,294392,38.3
2020-05-18,40.5,4.68,0.44,359290,33.2
2020-05-19,40.37,-0.32,4.68,134941,33.2
2020-05-20,41.3,2.3,-0.32,98521,33.2
2020-05-21,41.03,-0.65,2.3,581060,33.2
2020-05-22,41.11,0.19,-0.65,201430,33
2020-05-26,42.44,3.24,0.19,132300,33
2020-05-27,42.69,0.59,3.24,242152,31
2020-05-28,42.75,0.14,0.59,624167,31.1
2020-05-29,42.59,-0.37,0.14,385922,30.5
2020-06-01,43.34,1.76,-0.37,569093,30.5
2020-06-02,43.85,1.18,1.76,127061,28.9
2020-06-03,44.68,1.89,1.18,161951,28.8
2020-06-04,44.21,-1.05,1.89,433950,29.2
2020-06-05,45.15,2.13,-1.05,433518,29.5
2020-06-08,45.1,-0.11,2.13,176254,28.5
2020-06-09,44.58,-1.15,-0.11,123476,28.9
2020-06-10,44.46,-0.27,-1.15,231902,27.3
2020-06-11,41.71,-6.19,-0.27,157209,33.1
2020-06-12,42.16,1.08,-6.19,346542,31.5
2020-06-15,42.44,0.66,1.08,582793,31.4
2020-06-16,43.18,1.74,0.66,119692,31.4
2020-06-17,43.25,0.16,1.74,204006,31.4
2020-06-18,42.94,-0.72,0.16,84033,31.2
2020-06-19,42.91,-0.07,-0.72,523712,30.8
2020-06-22,43.39,1.12,-0.07,143546,30.9
2020-06-23,43.51,0.28,1.12,154281,30.1
2020-06-24,42.54,-2.23,0.28,134989,30.8
2020-06-25,43.21,1.57,-2.23,157989,30.9
2020-06-26,42.48,-1.69,1.57,99137,31.5
2020-06-29,43.06,1.37,-1.69,72934,28.8
2020-06-30,43.49,1,1.37,293309,28.9
2020-07-01,43.42,-0.16,1,54018,28.2
2020-07-02,43.58,0.37,-0.16,88871,28.1
2020-07-06,44.81,2.82,0.37,97734,29.1
2020-07-07,44.13,-1.52,2.82,362665,28.2
2020-07-08,44.55,0.95,-1.52,114188,28.3
2020-07-09,44.35,-0.45,0.95,112864,28.3
2020-07-10,44.48,0.29,-0.45,137391,28.3
2020-07-13,44.03,-1.01,0.29,132896,28
2020-07-14,44.67,1.45,-1.01,140660,28.2
2020-07-15,45.57,2.01,1.45,73350,28.2
2020-07-16,45.09,-1.05,2.01,104543,28.2
2020-07-17,45.55,1.02,-1.05,123080,27.7
2020-07-20,45.97,0.92,1.02,231211,27.8
2020-07-21,46.03,0.13,0.92,141396,27.5
2020-07-22,46.12,0.2,0.13,114024,27.5
2020-07-23,45.95,-0.37,0.2,73567,18.8
2020-07-24,45.3,-1.41,-0.37,86825,19.4
2020-07-27,46.27,2.14,-1.41,252702,20.2
2020-07-28,45.86,-0.89,2.14,103430,20
2020-07-29,46.59,1.59,-0.89,86838,20.4
2020-07-30,46.35,-0.52,1.59,111364,20.3
2020-07-31,45.75,-1.29,-0.52,105813,20.8
2020-08-03,46.85,2.4,-1.29,182317,21.6
2020-08-04,46.95,0.21,2.4,83826,21.6
2020-08-05,47.46,1.09,0.21,77062,20.3
2020-08-06,47.41,-0.11,1.09,106435,20
2020-08-07,47.15,-0.55,-0.11,157640,19.2
2020-08-10,47.22,0.15,-0.55,84852,19
2020-08-11,47.16,-0.13,0.15,112571,18.9
2020-08-12,48,1.78,-0.13,114179,19.3
2020-08-13,47.91,-0.19,1.78,128352,19.4
2020-08-14,47.68,-0.48,-0.19,62983,18
2020-08-17,48.2,1.09,-0.48,52236,17.3
2020-08-18,48.09,-0.23,1.09,127115,17.3
2020-08-19,47.64,-0.94,-0.23,101203,17.5
2020-08-20,47.19,-0.94,-0.94,120153,17.9
2020-08-21,47.05,-0.3,-0.94,76999,17.6
2020-08-24,47.54,1.04,-0.3,97983,17.3
2020-08-25,47.84,0.63,1.04,103580,16.5
2020-08-26,48.3,0.96,0.63,92696,16.2
2020-08-27,47.81,-1.01,0.96,108483,16.4
2020-08-28,48.35,1.13,-1.01,136543,16.5
2020-08-31,48.3,-0.1,1.13,68160,16.6
2020-09-01,48.8,1.04,-0.1,85878,16.8
2020-09-02,49.68,1.8,1.04,74229,17.3
2020-09-03,47.73,-3.93,1.8,115172,21
2020-09-04,47.3,-0.9,-3.93,279902,20.3
2020-09-08,46.61,-1.46,-0.9,210810,20.7
2020-09-09,47.5,1.91,-1.46,161662,20.9
2020-09-10,47.02,-1.01,1.91,125319,21.1
2020-09-11,47.31,0.62,-1.01,177762,20.7
2020-09-14,48.06,1.59,0.62,168104,20
2020-09-15,48.58,1.08,1.59,337764,20.3
2020-09-16,48.43,-0.31,1.08,124625,20.1
2020-09-17,48.2,-0.47,-0.31,109300,20.1
2020-09-18,48.18,-0.04,-0.47,357136,20
2020-09-21,46.99,-2.47,-0.04,75473,21.5
2020-09-22,46.96,-0.06,-2.47,312842,21.5
2020-09-23,46.4,-1.19,-0.06,113733,21
2020-09-24,46.28,-0.26,-1.19,116423,21
2020-09-25,46.86,1.25,-0.26,238383,21.4
2020-09-28,47.74,1.88,1.25,52998,21.9
2020-09-29,48.02,0.59,1.88,73168,22
2020-09-30,48.15,0.27,0.59,209366,21.8
2020-10-01,48.72,1.18,0.27,104523,21.8
2020-10-02,48.27,-0.92,1.18,104093,22
2020-10-05,49.03,1.57,-0.92,79417,22.3
2020-10-06,48.76,-0.55,1.57,102068,22.3
2020-10-07,49.67,1.87,-0.55,168407,22.8
2020-10-08,50.01,0.68,1.87,101297,22.6
2020-10-09,50.66,1.3,0.68,204611,22.6
2020-10-12,51.02,0.71,1.3,111844,22.7
2020-10-13,50.82,-0.39,0.71,101592,22.6
2020-10-14,50.81,-0.02,-0.39,64993,22
2020-10-15,50.73,-0.16,-0.02,120402,18
2020-10-16,50.85,0.24,-0.16,276675,17.7
2020-10-19,50.55,-0.59,0.24,203538,17.1
2020-10-20,50.67,0.24,-0.59,101866,16.4
2020-10-21,50.51,-0.32,0.24,105417,16
2020-10-22,50.74,0.46,-0.32,123110,16
2020-10-23,50.77,0.06,0.46,119966,15.4
2020-10-26,49.49,-2.52,0.06,56007,17.2
2020-10-27,49.49,0,-2.52,125115,17.2
2020-10-28,48.15,-2.71,0,237975,19.1
2020-10-29,48.84,1.43,-2.71,294365,19.6
2020-10-30,48.22,-1.27,1.43,215046,18.4
2020-11-02,48.73,1.06,-1.27,201447,18.6
2020-11-03,50.06,2.73,1.06,139366,19.6
2020-11-04,50.64,1.16,2.73,208587,19.8
2020-11-05,51.96,2.61,1.16,100123,20.7
2020-11-06,51.95,-0.02,2.61,169602,20.2
2020-11-09,53,2.02,-0.02,73630,20.8
2020-11-10,52.41,-1.11,2.02,144316,21.3
2020-11-11,53.09,1.3,-1.11,224055,21.3
2020-11-12,52.36,-1.38,1.3,92438,21.6
2020-11-13,53.11,1.43,-1.38,74981,21.5
2020-11-16,53.92,1.53,1.43,123011,21.7
2020-11-17,53.79,-0.24,1.53,241871,21.2
2020-11-18,53.46,-0.61,-0.24,193127,21.4
2020-11-19,54.07,1.14,-0.61,175593,21.3
2020-11-20,54.42,0.65,1.14,91458,21.3
2020-11-23,54.7,0.51,0.65,97822,21.2
2020-11-24,55.57,1.59,0.51,181552,21.6
2020-11-25,55.53,-0.07,1.59,164344,21.6
2020-11-27,56.37,1.51,-0.07,168308,21.8
2020-11-30,56.04,-0.59,1.51,90801,21.8
2020-12-01,57.06,1.82,-0.59,82735,22.3
2020-12-02,57.16,0.18,1.82,218150,22.2
2020-12-03,57.23,0.12,0.18,130658,22.2
2020-12-04,58.2,1.69,0.12,139222,22.5
2020-12-07,57.76,-0.76,1.69,179848,20.8
2020-12-08,58.26,0.87,-0.76,110244,20.8
2020-12-09,58.06,-0.34,0.87,169454,18.3
2020-12-10,58.16,0.17,-0.34,203247,18.2
2020-12-11,57.85,-0.53,0.17,109625,17.6
2020-12-14,58.25,0.69,-0.53,98209,17.6
2020-12-15,59.15,1.55,0.69,144599,16.6
2020-12-16,59.17,0.03,1.55,154949,16.6
2020-12-17,59.84,1.13,0.03,178490,15.5
2020-12-18,60.14,0.5,1.13,151565,15.4
2020-12-21,59.85,-0.48,0.5,211076,14.9
2020-12-22,60.32,0.79,-0.48,135712,14.2
2020-12-23,60.75,0.71,0.79,115048,14
2020-12-24,60.65,-0.16,0.71,130362,12.9
2020-12-28,60.67,0.03,-0.16,61461,12.7
2020-12-29,60.56,-0.18,0.03,126740,12.4
2020-12-30,61.01,0.74,-0.18,163526,12.2
2020-12-31,60.89,-0.2,0.74,167299,12
2021-01-04,60.8,-0.15,-0.2,89496,11.9
2021-01-05,62.01,1.99,-0.15,195528,12.8
2021-01-06,62.62,0.98,1.99,173108,12.9
2021-01-07,64.81,3.5,0.98,375394,15.3
2021-01-08,65.31,0.77,3.5,257579,15.2
2021-01-11,65.42,0.17,0.77,270618,15
2021-01-12,65.52,0.15,0.17,356858,14.7
2021-01-13,65.6,0.12,0.15,257836,14.2
2021-01-14,67,2.13,0.12,179602,14.9
2021-01-15,65.28,-2.57,2.13,211165,17.6
2021-01-19,66.42,1.75,-2.57,231752,17.7
2021-01-20,67.2,1.17,1.75,268088,17.4
2021-01-21,67.54,0.51,1.17,339106,17.4
2021-01-22,67.37,-0.25,0.51,197515,17.3
2021-01-25,67.75,0.56,-0.25,187438,17.3
2021-01-26,67.46,-0.43,0.56,283008,17.2
2021-01-27,66.67,-1.17,-0.43,214727,18
2021-01-28,66.25,-0.63,-1.17,211658,17.9
2021-01-29,64.46,-2.7,-0.63,156713,20.2
2021-02-01,66.28,2.82,-2.7,265489,21.4
2021-02-02,67.41,1.7,2.82,200841,21.8
2021-02-03,67.51,0.15,1.7,568629,21.6
2021-02-04,67.94,0.64,0.15,185026,21.6
2021-02-05,68.67,1.07,0.64,307474,21.7
2021-02-08,70.1,2.08,1.07,171583,22.2
2021-02-09,70.86,1.08,2.08,263139,22.2
2021-02-10,70.38,-0.68,1.08,313594,22.4
2021-02-11,70.91,0.75,-0.68,186630,22.4
2021-02-12,71.55,0.9,0.75,161780,22.3
2021-02-16,71.27,-0.39,0.9,166765,22.4
2021-02-17,70.26,-1.42,-0.39,256240,22.7
2021-02-18,69.09,-1.67,-1.42,414299,23.5
2021-02-19,69.83,1.07,-1.67,249737,21.5
2021-02-22,68.31,-2.18,1.07,201250,22.7
2021-02-23,66.9,-2.06,-2.18,187849,23.7
2021-02-24,67.57,1,-2.06,327068,23.8
2021-02-25,65.58,-2.95,1,158127,25.6
2021-02-26,65.2,-0.58,-2.95,217591,24.8
2021-03-01,66.93,2.65,-0.58,156864,24.8
2021-03-02,65.53,-2.09,2.65,214570,25.1
2021-03-03,64,-2.33,-2.09,131794,25.7
2021-03-04,61.79,-3.45,-2.33,171403,27.5
2021-03-05,62.31,0.84,-3.45,430440,27.7
2021-03-08,60.99,-2.12,0.84,360070,28.1
2021-03-09,62.62,2.67,-2.12,199963,29.5
2021-03-10,62.79,0.27,2.67,134857,29.4
2021-03-11,64.48,2.69,0.27,366661,30.6
2021-03-12,64.4,-0.12,2.69,583291,29.5
2021-03-15,65.14,1.15,-0.12,229414,28.4
2021-03-16,64.63,-0.78,1.15,105483,28
2021-03-17,65.06,0.67,-0.78,270450,28.1
2021-03-18,64.01,-1.61,0.67,80611,28.3
2021-03-19,64.26,0.39,-1.61,117759,28.1
2021-03-22,64.09,-0.26,0.39,247671,27.2
2021-03-23,62.62,-2.29,-0.26,133923,27.5
2021-03-24,61.56,-1.69,-2.29,115907,27.8
2021-03-25,62.31,1.22,-1.69,136642,28
2021-03-26,63.21,1.44,1.22,202226,28.3
2021-03-29,62.52,-1.09,1.44,194066,28.3
2021-03-30,62.7,0.29,-1.09,145377,28.2
2021-03-31,63.51,1.29,0.29,189383,28.4
2021-04-01,64.83,2.08,1.29,94359,29
2021-04-05,65.7,1.34,2.08,165611,28.7
2021-04-06,65.36,-0.52,1.34,107059,28.1
2021-04-07,64.64,-1.1,-0.52,114907,28.1
2021-04-08,65.41,1.19,-1.1,106898,26.9
2021-04-09,65.72,0.47,1.19,145197,26.9
2021-04-12,64.68,-1.58,0.47,154103,26
2021-04-13,65.21,0.82,-1.58,140869,25.4
2021-04-14,64.93,-0.43,0.82,71600,24.4
2021-04-15,65.62,1.06,-0.43,96369,21.9
2021-04-16,65.71,0.14,1.06,96593,21.8
2021-04-19,64.91,-1.22,0.14,68588,21.1
2021-04-20,63.9,-1.56,-1.22,69172,20.4
2021-04-21,64.83,1.46,-1.56,214167,20.8
2021-04-22,64.9,0.11,1.46,79960,19.2
2021-04-23,65.95,1.62,0.11,110274,19.8
2021-04-26,66.86,1.38,1.62,75985,19.9
2021-04-27,66.41,-0.67,1.38,213233,19.9
2021-04-28,66.4,-0.02,-0.67,151080,19.8
2021-04-29,65.88,-0.78,-0.02,132174,19.3
2021-04-30,64.69,-1.81,-0.78,182911,20.1
2021-05-03,64.31,-0.59,-1.81,128323,20.1
2021-05-04,62.73,-2.46,-0.59,84393,20.3
2021-05-05,63,0.43,-2.46,164893,19.6
2021-05-06,62.91,-0.14,0.43,166472,19.3
2021-05-07,63.91,1.59,-0.14,131319,19.4
2021-05-10,62.4,-2.36,1.59,55678,20.5
2021-05-11,62.11,-0.46,-2.36,352418,20.5
2021-05-12,59.77,-3.77,-0.46,209206,23
2021-05-13,60.19,0.7,-3.77,604207,22.2
2021-05-14,61.79,2.66,0.7,268735,23.3
2021-05-17,61.03,-1.23,2.66,119725,23.5
2021-05-18,61.53,0.82,-1.23,98050,23.5
2021-05-19,61.03,-0.81,0.82,183322,23.2
2021-05-20,62.15,1.84,-0.81,136163,24
2021-05-21,62.36,0.34,1.84,106050,23.6
2021-05-24,62.88,0.83,0.34,51249,23.6
2021-05-25,62.84,-0.06,0.83,75455,23.6
2021-05-26,63.22,0.6,-0.06,125044,23.4
2021-05-27,63.61,0.62,0.6,121291,23.5
2021-05-28,63.9,0.46,0.62,100258,23.3
2021-06-01,64.02,0.19,0.46,62482,22.8
2021-06-02,64.08,0.09,0.19,112402,22.4
2021-06-03,63.37,-1.11,0.09,63028,22.6
2021-06-04,64.29,1.45,-1.11,61993,22.5
2021-06-07,64.39,0.16,1.45,73810,22.1
2021-06-08,64.29,-0.16,0.16,76054,22
2021-06-09,63.87,-0.65,-0.16,57224,22.1
2021-06-10,63.98,0.17,-0.65,108802,22
2021-06-11,64.22,0.38,0.17,149530,21.4
2021-06-14,64.49,0.42,0.38,57121,21.3
2021-06-15,64.32,-0.26,0.42,46944,19.9
2021-06-16,64.05,-0.42,-0.26,59237,19.9
2021-06-17,63.98,-0.11,-0.42,79484,19.9
2021-06-18,63.02,-1.5,-0.11,65398,19.9
2021-06-21,63.86,1.33,-1.5,98514,18.9
2021-06-22,64.31,0.7,1.33,68792,18.9
2021-06-23,64.28,-0.05,0.7,109529,14.4
2021-06-24,65.07,1.23,-0.05,152236,14.7
2021-06-25,65.47,0.61,1.23,78580,12.8
2021-06-28,65.56,0.14,0.61,66643,12
2021-06-29,65.66,0.15,0.14,106482,11.9
2021-06-30,65.21,-0.69,0.15,78508,11.8
2021-07-01,65.02,-0.29,-0.69,123534,10.8
2021-07-02,65.17,0.23,-0.29,89058,10.8
2021-07-06,65.07,-0.15,0.23,49739,10.6
2021-07-07,64.91,-0.25,-0.15,40995,10.6
2021-07-08,64.29,-0.96,-0.25,81822,11
2021-07-09,65.46,1.82,-0.96,69127,12.1
2021-07-12,65.71,0.38,1.82,74382,12
2021-07-13,65.16,-0.84,0.38,50951,12.4
2021-07-14,64.84,-0.49,-0.84,51318,12.5
2021-07-15,64.16,-1.05,-0.49,85788,12.4
2021-07-16,63.66,-0.78,-1.05,60955,11.9
2021-07-19,62.71,-1.49,-0.78,44237,12.6
2021-07-20,63.86,1.83,-1.49,120468,13.9
2021-07-21,64.94,1.69,1.83,147220,14.6
2021-07-22,64.89,-0.08,1.69,76937,14.6
2021-07-23,65.31,0.65,-0.08,59364,14.7
2021-07-26,65.1,-0.32,0.65,91219,14.7
2021-07-27,64.27,-1.27,-0.32,51324,15.2
2021-07-28,65.02,1.17,-1.27,106558,15.5
2021-07-29,65.75,1.12,1.17,181757,15.8
2021-07-30,65.79,0.06,1.12,245450,15
2021-08-02,66.19,0.61,0.06,123360,14.7
2021-08-03,66.66,0.71,0.61,74077,14.7
2021-08-04,66.64,-0.03,0.71,30776,14.7
2021-08-05,67.24,0.9,-0.03,67044,14.5
2021-08-06,66.73,-0.76,0.9,51980,14.6
2021-08-09,66.6,-0.19,-0.76,45038,14.6
2021-08-10,66.56,-0.06,-0.19,49144,14.6
2021-08-11,66.93,0.56,-0.06,200104,14.5
2021-08-12,66.8,-0.19,0.56,74233,14.5
2021-08-13,66.53,-0.4,-0.19,67941,14.6
2021-08-16,66.11,-0.63,-0.4,57081,14.7
2021-08-17,65.05,-1.6,-0.63,73543,15.5
2021-08-18,64.86,-0.29,-1.6,102802,15.3
2021-08-19,64.35,-0.79,-0.29,39769,14.4
2021-08-20,64.73,0.59,-0.79,61985,14.5
2021-08-23,65.96,1.9,0.59,47304,15.4
2021-08-24,66.48,0.79,1.9,65755,15.4
2021-08-25,66.55,0.11,0.79,35422,15
2021-08-26,66.09,-0.69,0.11,39924,15
2021-08-27,67.05,1.45,-0.69,52110,14.6
2021-08-30,67.09,0.06,1.45,127988,13.7
2021-08-31,67.34,0.37,0.06,121849,13
2021-09-01,68.32,1.46,0.37,80475,13.5
2021-09-02,69.07,1.1,1.46,75578,13.7
2021-09-03,69.61,0.78,1.1,85019,13.7
2021-09-07,69.78,0.24,0.78,109874,12.9
2021-09-08,69.06,-1.03,0.24,105135,13.2
2021-09-09,69.45,0.56,-1.03,98137,12.9
2021-09-10,69.07,-0.55,0.56,54676,13.1
2021-09-13,69.31,0.35,-0.55,176796,13.1
2021-09-14,69.05,-0.38,0.35,77238,13.1
2021-09-15,69.54,0.71,-0.38,96820,13.2
2021-09-16,69.56,0.03,0.71,122697,13
2021-09-17,68.9,-0.95,0.03,153596,13.1
2021-09-20,67.2,-2.47,-0.95,58004,15.2
2021-09-21,67.6,0.6,-2.47,103260,15.3
2021-09-22,68,0.59,0.6,143910,15.3
2021-09-23,68.93,1.37,0.59,55924,15.8
2021-09-24,68.22,-1.03,1.37,70238,16.1
2021-09-27,67.35,-1.28,-1.03,47501,16.5
2021-09-28,65.18,-3.22,-1.28,94281,18.7
2021-09-29,64.7,-0.74,-3.22,131902,18.8
2021-09-30,64.41,-0.45,-0.74,124628,18.7
2021-10-01,64.23,-0.28,-0.45,92112,18.6
2021-10-04,62.64,-2.48,-0.28,248233,19
2021-10-05,63.31,1.07,-2.48,85503,19.2
2021-10-06,62.93,-0.6,1.07,59474,19.2
2021-10-07,64.11,1.88,-0.6,60025,20.1
2021-10-08,63.63,-0.75,1.88,83038,19.6
2021-10-11,63.25,-0.6,-0.75,157287,19.6
2021-10-12,63.17,-0.13,-0.6,43192,19.5
2021-10-13,63.89,1.14,-0.13,80481,19.3
2021-10-14,65.14,1.96,1.14,69208,20
2021-10-15,65.87,1.12,1.96,54413,20.2
2021-10-18,65.88,0.02,1.12,68417,20.2
2021-10-19,66.92,1.58,0.02,45003,20.6
2021-10-20,67.04,0.18,1.58,60840,20.6
2021-10-21,66.93,-0.16,0.18,61324,20.5
2021-10-22,66.86,-0.1,-0.16,50546,20.5
2021-10-25,67.38,0.78,-0.1,91083,20.6
2021-10-26,67.4,0.03,0.78,105283,20.5
2021-10-27,66.81,-0.88,0.03,82729,20.6
2021-10-28,68.3,2.23,-0.88,123464,21.6
2021-10-29,68.44,0.2,2.23,53705,20.2
2021-11-01,69.77,1.94,0.2,50467,20.9
2021-11-02,70.15,0.54,1.94,137551,20.9
2021-11-03,71.42,1.81,0.54,104553,21.2
2021-11-04,72.14,1.01,1.81,112258,21
2021-11-05,71.56,-0.8,1.01,91671,20.8
2021-11-08,71.75,0.27,-0.8,174661,17.7
2021-11-09,71.39,-0.5,0.27,78934,17.6
2021-11-10,70.03,-1.91,-0.5,104989,18.7
2021-11-11,70.42,0.56,-1.91,86041,18.7
2021-11-12,70.9,0.68,0.56,77428,16.5
2021-11-15,70.84,-0.08,0.68,67516,16.5
2021-11-16,71.39,0.78,-0.08,90569,16.2
2021-11-17,71.15,-0.34,0.78,115637,15.7
2021-11-18,71.04,-0.15,-0.34,66668,15.4
2021-11-19,70.99,-0.07,-0.15,57061,15.2
2021-11-22,70.21,-1.1,-0.07,72322,15.8
2021-11-23,69.44,-1.1,-1.1,73062,16.2
2021-11-24,69.25,-0.27,-1.1,78041,15.4
2021-11-26,67.6,-2.38,-0.27,78156,17.1
2021-11-29,68.5,1.33,-2.38,76191,17.4
2021-11-30,67.97,-0.77,1.33,57297,17.1
2021-12-01,67.45,-0.77,-0.77,82132,17.2
2021-12-02,68.32,1.29,-0.77,64354,17.6
2021-12-03,67.33,-1.45,1.29,110873,18.2
2021-12-06,67.92,0.88,-1.45,77448,18.3
2021-12-07,69.89,2.9,0.88,50854,20.1
2021-12-08,70.41,0.74,2.9,98200,20
2021-12-09,69.19,-1.73,0.74,83566,19.7
2021-12-10,69.08,-0.16,-1.73,109681,19.7
2021-12-13,68.72,-0.52,-0.16,61916,18.9
2021-12-14,67.72,-1.46,-0.52,149207,19.3
2021-12-15,69.3,2.33,-1.46,71507,19.8
2021-12-16,68.36,-1.36,2.33,91666,19.8
2021-12-17,68.4,0.06,-1.36,69524,19.8
2021-12-20,67.42,-1.43,0.06,69788,20.1
2021-12-21,68.79,2.03,-1.43,82587,21.1
2021-12-22,69.54,1.09,2.03,96216,20.7
2021-12-23,70.05,0.73,1.09,198279,20.7
2021-12-27,70.94,1.27,0.73,153145,21
2021-12-28,70.59,-0.49,1.27,76804,21
2021-12-29,70.51,-0.11,-0.49,160179,20.9
2021-12-30,70.2,-0.44,-0.11,101285,20.9
2021-12-31,70.11,-0.13,-0.44,81280,20.9
2022-01-03,70.26,0.21,-0.13,155997,20.9
2022-01-04,70.16,-0.14,0.21,240741,20.7
2022-01-05,68.12,-2.91,-0.14,165982,22.3
2022-01-06,67.98,-0.21,-2.91,130854,22.2
2022-01-07,66.99,-1.46,-0.21,153744,21.5
2022-01-10,66.39,-0.9,-1.46,196834,21.2
2022-01-11,67.55,1.75,-0.9,227643,21.8
2022-01-12,68.03,0.71,1.75,107486,21.8
2022-01-13,66.48,-2.28,0.71,97537,22.5
2022-01-14,66.05,-0.65,-2.28,72872,22.2
2022-01-18,64.32,-2.62,-0.65,62670,23.3
2022-01-19,63.85,-0.73,-2.62,221434,21.3
2022-01-20,63.35,-0.78,-0.73,99623,21.1
2022-01-21,61.99,-2.15,-0.78,145927,21.4
2022-01-24,61.94,-0.08,-2.15,184968,21.4
2022-01-25,60.78,-1.87,-0.08,233436,21.9
2022-01-26,60.35,-0.71,-1.87,140024,21.7
2022-01-27,59.12,-2.04,-0.71,173005,20.5
2022-01-28,59.93,1.37,-2.04,126813,21.1
2022-01-31,62.08,3.59,1.37,168160,24.2